filename,ext,bytes,width,height
WhatsApp Image 2026-05-13 at 22.19.08 (1).jpeg,.jpeg,157267,1200,1600
WhatsApp Image 2026-05-13 at 22.19.08 (2).jpeg,.jpeg,202565,1200,1600
WhatsApp Image 2026-05-13 at 22.19.08.jpeg,.jpeg,139738,1200,1600
WhatsApp Image 2026-05-13 at 22.19.11 (1).jpeg,.jpeg,330666,1200,1600
WhatsApp Image 2026-05-13 at 22.19.11 (2).jpeg,.jpeg,228570,1200,1600
WhatsApp Image 2026-05-13 at 22.19.11 (3).jpeg,.jpeg,214553,1200,1600
WhatsApp Image 2026-05-13 at 22.19.11 (4).jpeg,.jpeg,240804,1200,1600
WhatsApp Image 2026-05-13 at 22.19.11 (5).jpeg,.jpeg,222647,1200,1600
WhatsApp Image 2026-05-13 at 22.19.11 (6).jpeg,.jpeg,208034,1200,1600
WhatsApp Image 2026-05-13 at 22.19.11 (7).jpeg,.jpeg,274138,1200,1600
WhatsApp Image 2026-05-13 at 22.19.11 (8).jpeg,.jpeg,364822,1600,1200
WhatsApp Image 2026-05-13 at 22.19.11.jpeg,.jpeg,230929,1600,1200
WhatsApp Image 2026-05-13 at 22.19.12 (10).jpeg,.jpeg,172752,1200,1600
WhatsApp Image 2026-05-13 at 22.19.12 (2).jpeg,.jpeg,110219,960,1280
WhatsApp Image 2026-05-13 at 22.19.12 (3).jpeg,.jpeg,226269,1600,1200
WhatsApp Image 2026-05-13 at 22.19.12 (4).jpeg,.jpeg,243024,1600,1200
WhatsApp Image 2026-05-13 at 22.19.12 (5).jpeg,.jpeg,166334,1600,1200
WhatsApp Image 2026-05-13 at 22.19.12 (6).jpeg,.jpeg,183376,1200,1600
WhatsApp Image 2026-05-13 at 22.19.12 (7).jpeg,.jpeg,176825,1200,1600
WhatsApp Image 2026-05-13 at 22.19.12 (8).jpeg,.jpeg,229512,1600,1200
WhatsApp Image 2026-05-13 at 22.19.12 (9).jpeg,.jpeg,286060,1600,1200
WhatsApp Image 2026-05-13 at 22.19.12.jpeg,.jpeg,263836,1200,1600
WhatsApp Image 2026-05-13 at 22.27.23 (1).jpeg,.jpeg,140159,1200,1600
WhatsApp Image 2026-05-13 at 22.27.23 (2).jpeg,.jpeg,320871,1600,1200
WhatsApp Image 2026-05-13 at 22.27.23.jpeg,.jpeg,171191,1200,1600
WhatsApp Image 2026-05-13 at 22.27.24 (1).jpeg,.jpeg,292150,1600,1200
WhatsApp Image 2026-05-13 at 22.27.24.jpeg,.jpeg,302095,1600,1200
WhatsApp Image 2026-05-13 at 22.27.26 (1).jpeg,.jpeg,230812,1600,1200
WhatsApp Image 2026-05-13 at 22.27.26 (2).jpeg,.jpeg,156559,1200,1600
WhatsApp Image 2026-05-13 at 22.27.26 (3).jpeg,.jpeg,318986,1200,1600
WhatsApp Image 2026-05-13 at 22.27.26 (4).jpeg,.jpeg,306173,1600,1200
WhatsApp Image 2026-05-13 at 22.27.26 (5).jpeg,.jpeg,232820,1200,1600
WhatsApp Image 2026-05-13 at 22.27.26 (6).jpeg,.jpeg,207044,1200,1600
WhatsApp Image 2026-05-13 at 22.27.26.jpeg,.jpeg,185077,1600,1200
WhatsApp Image 2026-05-13 at 22.27.28 (1).jpeg,.jpeg,189684,1200,1600
WhatsApp Image 2026-05-13 at 22.27.28 (3).jpeg,.jpeg,278666,1200,1600
WhatsApp Image 2026-05-13 at 22.27.28 (4).jpeg,.jpeg,207727,1600,1200
WhatsApp Image 2026-05-13 at 22.27.28 (5).jpeg,.jpeg,173096,1200,1600
WhatsApp Image 2026-05-13 at 22.27.28 (6).jpeg,.jpeg,273802,1600,1200
WhatsApp Image 2026-05-13 at 22.27.28 (7).jpeg,.jpeg,279545,1600,1200
WhatsApp Image 2026-05-13 at 22.27.28 (8).jpeg,.jpeg,242826,1600,1200
WhatsApp Image 2026-05-13 at 22.27.28 (9).jpeg,.jpeg,231272,1600,1200
WhatsApp Image 2026-05-13 at 22.27.28.jpeg,.jpeg,210620,1200,1600
WhatsApp Image 2026-05-13 at 22.27.29 (1).jpeg,.jpeg,220888,1200,1600
WhatsApp Image 2026-05-13 at 22.27.29 (2).jpeg,.jpeg,184980,1200,1600
WhatsApp Image 2026-05-13 at 22.27.29 (3).jpeg,.jpeg,205826,1200,1600
WhatsApp Image 2026-05-13 at 22.27.29 (4).jpeg,.jpeg,210627,1600,1200
WhatsApp Image 2026-05-13 at 22.27.29 (5).jpeg,.jpeg,281159,1600,1200
WhatsApp Image 2026-05-13 at 22.27.29 (6).jpeg,.jpeg,169683,1600,1200
WhatsApp Image 2026-05-13 at 22.27.29 (7).jpeg,.jpeg,260520,1600,1200
WhatsApp Image 2026-05-13 at 22.27.29 (8).jpeg,.jpeg,215801,1600,1200
WhatsApp Image 2026-05-13 at 22.27.29 (9).jpeg,.jpeg,189357,1600,1200
WhatsApp Image 2026-05-13 at 22.27.29.jpeg,.jpeg,339008,1600,1200
WhatsApp Image 2026-05-13 at 22.27.30 (1).jpeg,.jpeg,135109,1200,1600
WhatsApp Image 2026-05-13 at 22.27.30 (2).jpeg,.jpeg,229923,1600,1200
WhatsApp Image 2026-05-13 at 22.27.30 (3).jpeg,.jpeg,243143,1200,1600
WhatsApp Image 2026-05-13 at 22.27.30 (4).jpeg,.jpeg,256872,1200,1600
WhatsApp Image 2026-05-13 at 22.27.30 (5).jpeg,.jpeg,318271,1200,1600
WhatsApp Image 2026-05-13 at 22.27.30 (6).jpeg,.jpeg,200376,1200,1600
WhatsApp Image 2026-05-13 at 22.27.30 (7).jpeg,.jpeg,275667,1600,1200
WhatsApp Image 2026-05-13 at 22.27.30.jpeg,.jpeg,174215,1600,1200
WhatsApp Image 2026-05-13 at 22.33.26.jpeg,.jpeg,248355,1600,1200
WhatsApp Image 2026-05-13 at 22.33.27.jpeg,.jpeg,202962,1600,1200
WhatsApp Image 2026-05-13 at 22.33.29 (1).jpeg,.jpeg,236508,1600,1200
WhatsApp Image 2026-05-13 at 22.33.29.jpeg,.jpeg,226806,1600,1200
WhatsApp Image 2026-05-13 at 22.33.31 (1).jpeg,.jpeg,208947,1600,1200
WhatsApp Image 2026-05-13 at 22.33.31 (2).jpeg,.jpeg,185186,1600,1200
WhatsApp Image 2026-05-13 at 22.33.31.jpeg,.jpeg,236068,1600,1200
WhatsApp Image 2026-05-13 at 22.33.36 (1).jpeg,.jpeg,148121,1200,1600
WhatsApp Image 2026-05-13 at 22.33.36 (2).jpeg,.jpeg,163667,1600,1200
WhatsApp Image 2026-05-13 at 22.33.36 (3).jpeg,.jpeg,246334,1600,1200
WhatsApp Image 2026-05-13 at 22.33.36 (5).jpeg,.jpeg,247075,1600,1200
WhatsApp Image 2026-05-13 at 22.33.36 (6).jpeg,.jpeg,242686,1600,1200
WhatsApp Image 2026-05-13 at 22.33.36 (7).jpeg,.jpeg,223884,1200,1600
WhatsApp Image 2026-05-13 at 22.33.36 (8).jpeg,.jpeg,41741,1200,1600
WhatsApp Image 2026-05-13 at 22.33.36.jpeg,.jpeg,276471,1600,1200
WhatsApp Image 2026-05-13 at 22.33.37 (1).jpeg,.jpeg,309154,1200,1600
WhatsApp Image 2026-05-13 at 22.33.37 (2).jpeg,.jpeg,234936,1200,1600
WhatsApp Image 2026-05-13 at 22.33.37 (3).jpeg,.jpeg,35285,1200,1600
WhatsApp Image 2026-05-13 at 22.33.37 (4).jpeg,.jpeg,190103,1200,1600
WhatsApp Image 2026-05-13 at 22.33.37 (5).jpeg,.jpeg,301557,1600,1200
WhatsApp Image 2026-05-13 at 22.33.37 (6).jpeg,.jpeg,301213,1600,1200
WhatsApp Image 2026-05-13 at 22.33.37 (7).jpeg,.jpeg,182715,1200,1600
WhatsApp Image 2026-05-13 at 22.33.37 (9).jpeg,.jpeg,233676,1600,1200
WhatsApp Image 2026-05-13 at 22.33.37.jpeg,.jpeg,135720,1600,1200
WhatsApp Image 2026-05-13 at 22.33.38 (1).jpeg,.jpeg,258176,1600,1200
WhatsApp Image 2026-05-13 at 22.33.38 (2).jpeg,.jpeg,324157,1200,1600
WhatsApp Image 2026-05-13 at 22.33.38 (3).jpeg,.jpeg,261774,1600,1200
WhatsApp Image 2026-05-13 at 22.33.38 (4).jpeg,.jpeg,272752,1600,1200
WhatsApp Image 2026-05-13 at 22.33.38 (6).jpeg,.jpeg,114875,1200,1600
WhatsApp Image 2026-05-13 at 22.33.38 (7).jpeg,.jpeg,66859,1200,1600
WhatsApp Image 2026-05-13 at 22.33.38 (8).jpeg,.jpeg,186133,1600,1200
WhatsApp Image 2026-05-13 at 22.33.38 (9).jpeg,.jpeg,364311,1600,1200
WhatsApp Image 2026-05-13 at 22.33.38.jpeg,.jpeg,187602,1600,1200
WhatsApp Image 2026-05-13 at 22.33.39 (1).jpeg,.jpeg,299226,1600,1200
WhatsApp Image 2026-05-13 at 22.33.39 (2).jpeg,.jpeg,201549,1600,1200
WhatsApp Image 2026-05-13 at 22.33.39 (3).jpeg,.jpeg,273466,1200,1600
WhatsApp Image 2026-05-13 at 22.33.39 (4).jpeg,.jpeg,268570,1200,1600
WhatsApp Image 2026-05-13 at 22.33.39 (5).jpeg,.jpeg,143197,1600,1200
WhatsApp Image 2026-05-13 at 22.33.39 (6).jpeg,.jpeg,194448,1600,1200
WhatsApp Image 2026-05-13 at 22.33.39 (7).jpeg,.jpeg,307218,1600,1200
WhatsApp Image 2026-05-13 at 22.33.39 (8).jpeg,.jpeg,169195,1200,1600
WhatsApp Image 2026-05-13 at 22.33.39 (9).jpeg,.jpeg,147010,1600,1200
WhatsApp Image 2026-05-13 at 22.33.39.jpeg,.jpeg,181027,1600,1200
WhatsApp Image 2026-05-13 at 22.33.40 (1).jpeg,.jpeg,239422,1600,1200
WhatsApp Image 2026-05-13 at 22.33.40.jpeg,.jpeg,177387,1600,1200
WhatsApp Image 2026-05-13 at 22.40.27 (1).jpeg,.jpeg,171552,1200,1600
WhatsApp Image 2026-05-13 at 22.40.27.jpeg,.jpeg,299937,1200,1600
WhatsApp Image 2026-05-13 at 22.40.29 (1).jpeg,.jpeg,213113,1200,1600
WhatsApp Image 2026-05-13 at 22.40.29 (2).jpeg,.jpeg,246426,1600,1200
WhatsApp Image 2026-05-13 at 22.40.29.jpeg,.jpeg,226613,1600,1200
WhatsApp Image 2026-05-13 at 22.40.32 (1).jpeg,.jpeg,183564,1600,1200
WhatsApp Image 2026-05-13 at 22.40.32 (2).jpeg,.jpeg,207886,1200,1600
WhatsApp Image 2026-05-13 at 22.40.32.jpeg,.jpeg,186289,1600,1200
WhatsApp Image 2026-05-13 at 22.40.33.jpeg,.jpeg,171494,1600,1200
WhatsApp Image 2026-05-13 at 22.41.11 (1).jpeg,.jpeg,233429,1600,1200
WhatsApp Image 2026-05-13 at 22.41.11 (2).jpeg,.jpeg,231049,1200,1600
WhatsApp Image 2026-05-13 at 22.41.11 (3).jpeg,.jpeg,356077,1600,1200
WhatsApp Image 2026-05-13 at 22.41.11 (4).jpeg,.jpeg,331177,1600,1200
WhatsApp Image 2026-05-13 at 22.41.11.jpeg,.jpeg,214647,1200,1600
WhatsApp Image 2026-05-13 at 22.41.12 (1).jpeg,.jpeg,182484,1600,1200
WhatsApp Image 2026-05-13 at 22.41.12 (2).jpeg,.jpeg,240264,1600,1200
WhatsApp Image 2026-05-13 at 22.41.12 (3).jpeg,.jpeg,216984,1200,1600
WhatsApp Image 2026-05-13 at 22.41.12.jpeg,.jpeg,264842,1200,1600
WhatsApp Image 2026-05-13 at 22.41.13.jpeg,.jpeg,227838,1200,1600
WhatsApp Image 2026-05-13 at 22.41.14 (1).jpeg,.jpeg,146820,1600,1200
WhatsApp Image 2026-05-13 at 22.41.14.jpeg,.jpeg,245328,1600,1200
WhatsApp Image 2026-05-13 at 22.41.15 (1).jpeg,.jpeg,214548,1600,1200
WhatsApp Image 2026-05-13 at 22.41.15.jpeg,.jpeg,147874,1600,1200
WhatsApp Image 2026-05-13 at 22.41.16 (1).jpeg,.jpeg,155305,1200,1600
WhatsApp Image 2026-05-13 at 22.41.16 (2).jpeg,.jpeg,263294,1600,1200
WhatsApp Image 2026-05-13 at 22.41.16 (3).jpeg,.jpeg,172925,1600,1200
WhatsApp Image 2026-05-13 at 22.41.16 (4).jpeg,.jpeg,250072,1600,1200
WhatsApp Image 2026-05-13 at 22.41.16 (5).jpeg,.jpeg,200909,1200,1600
WhatsApp Image 2026-05-13 at 22.41.16 (7).jpeg,.jpeg,234576,1200,1600
WhatsApp Image 2026-05-13 at 22.41.16.jpeg,.jpeg,190646,1200,1600
WhatsApp Image 2026-05-13 at 22.41.17 (1).jpeg,.jpeg,273815,1200,1600
WhatsApp Image 2026-05-13 at 22.41.17 (2).jpeg,.jpeg,263306,1600,1200
WhatsApp Image 2026-05-13 at 22.41.17 (3).jpeg,.jpeg,297292,1600,1200
WhatsApp Image 2026-05-13 at 22.41.17 (4).jpeg,.jpeg,272666,1200,1600
WhatsApp Image 2026-05-13 at 22.41.17.jpeg,.jpeg,191845,1600,1200
